{
  "name": "angular-material",
  "version": "1.0.0-rc3-master-c7c5358",
  "ignore": [],
  "dependencies": {
    "angular": "^1.3.0 || >1.4.0-beta.0",
    "angular-animate": "^1.3.0 || >1.4.0-beta.0",
    "angular-aria": "^1.3.15 || >1.4.0-beta.0"
  },
  "main": [
    "angular-material.js",
    "angular-material.css"
  ],
  "homepage": "https://github.com/angular/bower-material",
  "_release": "1.0.0-rc3-master-c7c5358",
  "_resolution": {
    "type": "version",
    "tag": "v1.0.0-rc3-master-c7c5358",
    "commit": "6fa8a6dd093743907e1ff5d49b862d92ca4401c0"
  },
  "_source": "git://github.com/angular/bower-material.git",
  "_target": "^1.0.0",
  "_originalSource": "angular-material"
}